internalTxID,transactionHash,blockNumber,timeSend,timeReceipt,timeConfirmed
"1","0xdd0eceecef9aa124e7fe047e10f95e574538438d3f54f9f8ffce2aa1696be991","12299","1585947544413","1585947544837","1585947544836"
"2","0x270b6ed3247bd465a2d0b080937d07bf409eeb4aac76cf78cd2ae34390fea966","12300","1585947553314","1585947553710","1585947553709"
"3","0x396f2be57d596e88f51293f9d1a00bc74977b1b502075c4767aabf9030cbad0e","12301","1585947555985","1585947556481","1585947556481"
"4","0xcc23e7e34e1e5c42697b45f17bb09bd21e944521947a473b5c9350cd98a94690","12302","1585947562045","1585947562434","1585947562434"
"5","0xe61dd822e596156ada07483b74b499bc04f7b42e01a4dc040492377a4efb1334","12303","1585947567137","1585947567905","1585947567905"
"6","0xdf79c9603858029bf31061df5849f50fd8827e356ac47b4c387d658978b12b4c","12304","1585947575476","1585947575854","1585947575853"
"7","0xded7ab78acc8f133942167c90fba0f5547791d695a78ec0cc0755d33f56eb954","12305","1585947582956","1585947583405","1585947583405"
"8","0xaef98710c50c7161a35dbce7f295512a37b2ed6d6f9ed93cbc68ccc8d7f8604d","12306","1585947586349","1585947586724","1585947586724"
"9","0x26ba71b4e49b2d726063dbafd6796a24c67514ad3cd53785ad1d9db5a0ebe15a","12307","1585947595668","1585947596019","1585947596019"
"10","0x1a1700360b7bb91ecc5def463dd92f1879f580de17b1df70de9a9051ee726b30","12308","1585947601662","1585947602439","1585947602439"
"11","0x8532b582dfff8bc3ab742f8bdea2c1b5fa4b59945497c2532191e52220475779","12309","1585947602890","1585947604194","1585947604194"
"12","0x28fe98ffa8caa25c7c9eb3f20ee5d09079e87d0c8e5294235191cf7d64978af8","12310","1585947605856","1585947606702","1585947606701"
"13","0xc6c190406d71193bcf9a99f652275b32fcbdcdceaaf96811a09567bf45d5867d","12311","1585947612457","1585947612841","1585947612841"
"14","0x563074bfd63a5c8b44bfc9e7004fb3d9e1012188a3d37e93e3536013891f6f84","12312","1585947614768","1585947615981","1585947615981"
"15","0xf002a652d3d221dea6acfd062bbbae52732e35390a6a9f5c82c2b987461e0384","12313","1585947623598","1585947625029","1585947625028"
"16","0x14834556b76e9de36498721202dd707cc0d90559bc419ea6dcd1ab20cf8bfc23","12314","1585947628402","1585947628873","1585947628872"
"17","0xd6919f754549fcc5507b585047af83a0906faad9e9d51cb7e1a3e986d9fb79c8","12315","1585947631397","1585947631872","1585947631872"
"18","0xf2fd837a483db34dc9de508e73ee6e2caae3e995e8ae3c1e8dee0a8ce2032e6b","12316","1585947639766","1585947640237","1585947640237"
"19","0x5fdba17ff27ac9b02b3e4ba1f48513155b537e8c58892c5f8ba4a2088e49b0e0","12317","1585947646294","1585947646593","1585947646593"
"20","0xe6319a6f09ea668fec32161a7998da7b788a83e8f98993b45b85b62996a1b089","12318","1585947650220","1585947651070","1585947651070"
"21","0x079b58d0df0995c8f5146926200bc5c87c7d6f916a7519f9311b24fbb04ca872","12319","1585947651459","1585947651919","1585947651919"
"22","0x997ac7c894135f706e8774c02ebf0e4a3f6fa8e254176de4e158d3962318616e","12321","1585947654017","1585947655014","1585947655014"
"23","0x9eb74ec5e07efe076bc2a1604e7455d1423f69c4e0ae374fd9a6eec733bcc2ba","12322","1585947659717","1585947660220","1585947660220"
"24","0xa2ea922a34b2611cdbe72d55a95e82754ebc6ab027aba00779bbf3e36955e7c9","12323","1585947662796","1585947663335","1585947663335"
"25","0xab496cda78275292a7534f606a99d0151c51f0fb7e1c5f5247dbca7dd93683f6","12324","1585947671769","1585947672215","1585947672215"
"26","0x2133d8c1e21988ea265e67d8b87264740b290e343e0b687f47aee13d4d4cab68","12325","1585947673151","1585947673521","1585947673521"
"27","0xe4e5fc60cddcbe28628cd0ddeec661cb1459cfbaaf4b2da6a9edfe915133b9d9","12326","1585947678488","1585947679703","1585947679703"
"28","0xac85798e4e96548d8e150859d0767fbe9dc26f7c9412708ab68f3e0bcade8834","12327","1585947680997","1585947682333","1585947682333"
"29","0x0ff71fb06118ec3c663ee27dae61c1b4bc5b237c6039a5b09a85954fb0858dc7","12329","1585947685475","1585947686200","1585947686200"
"30","0xbb4f1a0f1790291012d383bda56f73789e563a278eb3fb8cbb70bb185602264d","12330","1585947687344","1585947687758","1585947687758"
"31","0x95d1110517df7967ea7ab9976fee340704ab3ed889e0a6c83b62f2bd7952d2a0","12331","1585947693277","1585947694064","1585947694063"
"32","0xccc3b897cf3dfa39d69987990d66fcdd755ff5819e71bfe19e4ced809b6e54d8","12332","1585947703248","1585947703693","1585947703691"
"33","0xb60f013d077a30f34d4370bac5c0654eab8724993d4eaf718a5a84e7f83e7287","12333","1585947710413","1585947710879","1585947710879"
"34","0x5452d269dfa3de28edc325a888dfcbfc479d15f6113a502b913b0e07b1320ab7","12334","1585947713197","1585947713643","1585947713643"
"35","0x8d09f609d047e90db7b797b489f6dde6577dcef791551d314496892844913f2d","12335","1585947717896","1585947718764","1585947718764"
"36","0xcfac2d58a1613b8612042235939a1e991c413d26fbb720b39c1fd87daeeac60f","12336","1585947721927","1585947722411","1585947722411"
"37","0x0d15afad0c5402d587754eb9a0fc0dac6acadf34612ccb9c9412c3739f65e264","12337","1585947729152","1585947730470","1585947730470"
"38","0x504885e443c3be4ccd1ddc214539e768fd458f570689676a8f0b10269f1d93ac","12338","1585947738498","1585947738918","1585947738918"
"39","0xc34477f623917ed8284206e9ed0e745de6c0421265b38cf6d0f311e0563ee651","12339","1585947739591","1585947740064","1585947740064"
"40","0x6ad2e9be4d2003d6e19e858873fae6440ee5c4a01c5a8bab5b7ebe8af72e4752","12340","1585947747532","1585947747988","1585947747988"
"41","0x7659de2cb824ecd348579b057641ce4c916fe995b4f6f7aa30a073365253ff65","12341","1585947748659","1585947749946","1585947749946"
"42","0x82531336bd54d606659e8e7114846927f5f119ebc55ba99b2626587eb4ef499f","12343","1585947758131","1585947758557","1585947758556"
"43","0xa3a5336d99b449c89f159da1ae4a0e0db8e7404c85a011ad25a055ad409fbd20","12344","1585947761317","1585947761789","1585947761789"
"44","0x1fe9371188103ed7677c405e41d8a8a2110dca2a73148ce14d27c3ead96d5a1f","12345","1585947768108","1585947769449","1585947769449"
"45","0xb836eee26f847524b5e45a505a59e0151a520617c5cbe810b3b5c6bae3121821","12346","1585947776544","1585947776905","1585947776904"
"46","0x5cd5d93d2bfa833e56d98d92b1f30b953fa22d924ceac7e02a8b884b2bac06ab","12347","1585947786440","1585947786938","1585947786938"
"47","0xb2d3bb75a6e823b32160d7f393ded545f11a6217f02ca36abd95da0d031077d8","12348","1585947788873","1585947790256","1585947790256"
"48","0x44b8458cc84d880e682cba378e4b117c9d8be90da2ab5c51c77630151cc15bbf","12349","1585947794067","1585947794541","1585947794540"
"49","0x3fbb5456f09f85bfda149dec68ff930a408d8272c609a920e3652c00dbafa084","12350","1585947797465","1585947798004","1585947798004"
"50","0x30af03011bd36bf5165a90c467b3bbc5b5b7c2b18a4f6984301e8c1fbd0c6911","12351","1585947802556","1585947803038","1585947803038"
"51","0x38e0a494c3fa69debb74b16286bbd801379d105850f842ebf968fc2792e15c70","12352","1585947812246","1585947813641","1585947813641"
"52","0x01a4f5909561092adc24e08718bbd38f396f9630fdaa24519d7dc3750b84b6e7","12353","1585947820552","1585947821011","1585947821011"
"53","0xe369f80998bad86c5501bcfb01efe6f36f8a7e927d1aca72d98d8582781dad34","12354","1585947825641","1585947826601","1585947826601"
"54","0xcd2165e7634c99e90673a11e15c849bb7d5ba6494cd1a4d26ebb9cdb5d44c30d","12356","1585947831237","1585947831697","1585947831697"
"55","0x2faa066e7fc24f54430bd1a5764bff796320a32a2d101acce37a8a788ffbb580","12357","1585947838464","1585947839736","1585947839736"
