"internalTxID","transactionHash","blockNumber","durationSendToReceipt","durationSendToConfirmation","timeSend","timeReceipt","timeConfirmed"
"1","0x9d439fc21682e495801be52d551a02eed9ec8ed4bbd95c5b61489bb49b1f4ea3","3840","4788","4786","1585519512999","1585519517787","1585519517785"
"2","0xe779ee063170f7f47306c7c3e49b0c5ed13957ffeeddea68b2a835dfd6152fec","3841","9554","9551","1585519517347","1585519526901","1585519526898"
"3","0x443fea48cdd1ab9b72858fe13590795983c00649874d40274094169051312f28","3842","932","931","1585519526501","1585519527433","1585519527432"
"4","0xe8c992afaaa07c71b76613e72d91875a9645eeffea3c8df8bce45d73440c0cd9","3844","3026","3026","1585519530410","1585519533436","1585519533436"
"5","0x24aec0db7e4add0e6cf3200511da7c230f5ab585d1f67c7cb09c101c1e913885","3845","1621","1620","1585519532958","1585519534579","1585519534578"
"6","0x7faf5de79464f5790ddbc71ddc8b8e84caa722e184400970830b4ac6bd9c8664","3847","8354","8354","1585519540585","1585519548939","1585519548939"
"7","0xefbb0522500d68a8a74515dc01ea03c51d099456e09c300f0f7f8cbf796db3d8","3848","879","879","1585519548551","1585519549430","1585519549430"
"8","0xe05a18bd99e19acb011ea9afd634f7e45ce18341ee2ae1fbdae14da644b4832c","3850","8837","8837","1585519550970","1585519559807","1585519559807"
"9","0x933f3090007d037beaef758caba6b3a995c9085c8cc7f88d695af31058ec8c4c","3851","839","839","1585519559414","1585519560253","1585519560253"
"10","0xef63867dde179d5c53e343987dd049e111212fdf1dbdac603e911202b9463337","3853","1116","1116","1585519561490","1585519562606","1585519562606"
"11","0x4fc1fe39ae88623def1d0f333b0806d16a3589e896cc2e4a3f42dafb056fbadc","3855","10079","10079","1585519569177","1585519579256","1585519579256"
"12","0xff37820d3a533ecbc70dbef6bd0e1880376304cb95b6a6472cccbf786fd7a713","3856","878","877","1585519578857","1585519579735","1585519579734"
"13","0x0bc3f272cf54d9113c7aa4109a99b456139ce2cfc0b2ebfb6a3d153ae52079d2","3858","840","839","1585519584847","1585519585687","1585519585686"
"14","0x9239e66359edc9b3fb8ce51065372f1c0a7ba0e1da83b950acae73e5049c92a4","3860","981","981","1585519590114","1585519591095","1585519591095"
"15","0xf344361247f5431e83b64d35f6a06e149fc6085990db9ad0e7910afbc4a3836a","3862","923","923","1585519594875","1585519595798","1585519595798"
"16","0x0ee3d99e11be522995746a8494a9e4e5a4e66bb6594035f851e5bd0412497a28","3864","2936","2934","1585519596081","1585519599017","1585519599015"
"17","0xc9d5e44ac777c735ea5466de6575102645016562fd3cfee8a10e872bc4c1c568","3865","5101","5101","1585519598528","1585519603629","1585519603629"
"18","0x3246263a2458dc420c8309ffe64de3fce1d7a4d8b030ed96e89948f36c0f981f","3866","1426","1426","1585519603143","1585519604569","1585519604569"
"19","0xee1ff5c27656d329c39ea84afc06af2bf41710cff7ca7f95c3988031834c57ab","3868","918","917","1585519608739","1585519609657","1585519609656"
"20","0x25d64d9c491e10dd13d11c7a5b07c16bcaa6c9f6d2926ad98aa848b9af91ab38","3870","958","958","1585519616841","1585519617799","1585519617799"
"21","0xd58cd16645217697a1aced5c50ca1d10fac0543ab8e9e0ef471e3c5cd4933345","3872","1170","1169","1585519622634","1585519623804","1585519623803"
"22","0xbe42c9ebced09fd7919179db1bdcf1ea3bdcd2857889c5c227eafb064ab7ece4","3874","8090","8089","1585519629344","1585519637434","1585519637433"
"23","0xc3c53e11d88f65f9e78d3bba4ce1de31784d6875d2a6baf891f60af9b490b5d0","3875","995","995","1585519636952","1585519637947","1585519637947"
"24","0x56ebb2a1c9efb3138e38e75f35809dd952f60acd99f53ff82875c4f818355760","3877","9871","9870","1585519641916","1585519651787","1585519651786"
"25","0xe27af6e4f8c255abd7c5adc532e1f24f839a8e02c71e1175e142a3bb2fbe6bab","3878","6347","6346","1585519651388","1585519657735","1585519657734"
"26","0x1df2b23bba988794491158cdbb90342d3779f901c09a88d627e912cdd209d8e6","3879","2674","2671","1585519657353","1585519660027","1585519660024"
"27","0x212bd4698c437ece371e0c64efe7e419670777d5aae24e90aa4b8a88c8157922","3880","8308","8308","1585519659588","1585519667896","1585519667896"
"28","0x1e1571793d718074870069c35b9f4ab4aa4d795a9adb1ff9a075c3cde579d8bb","3881","6783","6783","1585519667417","1585519674200","1585519674200"
"29","0x60a3fe0ba02955d6ee1037111c8301fc619cadb69b5bf825b161383aab68d0f1","3882","8808","8807","1585519673683","1585519682491","1585519682490"
"30","0x14909dc72d22444ed9c7f265704bb16940363236e1b6e2b750a6e7eaefd0336b","3883","6278","6277","1585519681965","1585519688243","1585519688242"
"31","0x7c248aa32a348d8e416a1961c119dadaf087eefb6dcc859db70253f2eabe478a","3884","916","916","1585519687800","1585519688716","1585519688716"
"32","0x98f16f45d9f09be67a4f03e09e561f95e608262fbfdaeb178baba39980ad00f3","3886","875","874","1585519692164","1585519693039","1585519693038"
"33","0x5485e3cec6118ca00bdc18b8de1672f4084efbdfcdca7990e31dd1cceaf9cecd","3888","6521","6521","1585519696359","1585519702880","1585519702880"
"34","0x51cdd90c7e383527b7f6b376a92e42e23429e1cb706113ba1df1bc00a48d0899","3889","2153","2153","1585519702524","1585519704677","1585519704677"
"35","0xd44ba3db9cfb12cf960a67315420614ef4bdc5bd0c10aef53f4ea5872d3feb9c","3890","6509","6509","1585519704244","1585519710753","1585519710753"
"36","0xddc0c93ad42a1ba24b83dba5a1662b5fc2780347e3111a3b27217df61ab33cd9","3891","3380","3380","1585519710307","1585519713687","1585519713687"
"37","0x5e5b637daf0a73545b1865bfc2a264924f545309be06ad7b1a62c3019755bbde","3892","5538","5538","1585519713242","1585519718780","1585519718780"
"38","0xd0fac5b34d3d01ac9590673f3eb9c13e6bf5acaf5ec1645f43be475443c08da3","3893","2407","2407","1585519718295","1585519720702","1585519720702"
"39","0x2f458d06a1eeb9ceac68d2e5426ce094d31788faabdcc11a777e2a6354c5983d","3894","6813","6813","1585519720325","1585519727138","1585519727138"
"40","0x9330646fdc00903f403455b54590af76ad93923facd570b173885c719dfff723","3895","867","867","1585519726730","1585519727597","1585519727597"
"41","0x80ff61b59d2d1529a0d42d4bfdda7c0e3504f7d3eb6a333d65fe26444dccad3c","3897","987","986","1585519730481","1585519731468","1585519731467"
"42","0x53699c5c3b79aaf567d2cb6b8bec184376bba83e85b490d933ec3c4de2ab372e","3899","8742","8742","1585519732647","1585519741389","1585519741389"
"43","0xe87fa1058606c8969ab43279d687639afcbffed4e9244df6c44f7759a0eda9aa","3900","1166","1166","1585519740817","1585519741983","1585519741983"
"44","0x8aeff416f287b076613677e11b3cab30b1e79335bfddd063c7d2e5c8d214d84a","3902","3970","3970","1585519748407","1585519752377","1585519752377"
"45","0x66d0a228f8bf5aa3e24a332b3d87ecdf39939afc19626cfe6ea40812b96f8d51","3903","1015","1014","1585519751873","1585519752888","1585519752887"
"46","0x89c7bc773bd7f3bd1386295a66bc024e50909d7df9213691ef293fa917e99820","3905","943","943","1585519757973","1585519758916","1585519758916"
"47","0xc45235ee952f34711bcd04dc2649edf11ea5f5c35abb11112c13f24e3d82044d","3907","1599","1598","1585519767372","1585519768971","1585519768970"
"48","0xe68c6065d013ea5beb05a9d74611006eeec9dbaf9099de6d05b887f789375933","3908","9425","9424","1585519768471","1585519777896","1585519777895"
"49","0x4005e293fe05ec20b625daa0bd9c77e65a765527c237a7d0c962e10065b4303e","3909","4749","4744","1585519777384","1585519782133","1585519782128"
"50","0xda731effc2fa2b17f078a2c4028c75d2fe4f6cdc737a8465aa138f9cad2b30bb","3910","2844","2844","1585519779764","1585519782608","1585519782608"
"51","0x411f5708dd3a185d08a3c2de736d209fc2b10789e45017b821b0b5d08d088262","3912","2894","2893","1585519782643","1585519785537","1585519785536"
"52","0xb048c1494dedc189aa7cc1a8d215a58dbeb7353eadf5b2feb14e8abdc22c31de","3913","767","766","1585519785097","1585519785864","1585519785863"
"53","0xe913613224610fafd29acf8632768900f893c619903193d4e1689dcafba9a956","3915","8385","8383","1585519789903","1585519798288","1585519798286"
"54","0x4944b94a20c10222ec31b833126d7489de14b03e385db5f1fb2cc3aa25b273da","3916","984","983","1585519797800","1585519798784","1585519798783"
"55","0x9f3c45efe8835f73842b82a62c02a61d29ddbb782458764d81243bda34244cd3","3918","990","989","1585519802816","1585519803806","1585519803805"
"56","0x406d44a12b0c5019243d2047e96c8f9aae03e4abdd6a2c5f2a98d1e41301a77b","3920","1822","1821","1585519804161","1585519805983","1585519805982"
