blockNumber,numberOfTransactions,gasUsed,timestamp,size
"787","952","19992000","1586078625","99583"
"788","952","19992000","1586078627","99575"
"789","886","18606000","1586078629","92717"
"790","952","19992000","1586078631","99581"
"791","372","7812000","1586078633","39265"
"792","641","13461000","1586078635","67244"
"793","952","19992000","1586078637","99587"
"794","952","19992000","1586078639","99571"
"795","952","19992000","1586078641","99586"
"796","952","19992000","1586078644","99581"
"797","952","19992000","1586078646","99582"
"798","952","19992000","1586078649","99582"
"799","952","19992000","1586078651","99582"
"800","952","19992000","1586078654","99587"
"801","952","19992000","1586078657","99577"
"802","952","19992000","1586078659","99584"
"803","952","19992000","1586078661","99586"
"804","952","19992000","1586078664","99578"
"805","952","19992000","1586078667","99581"
"806","952","19992000","1586078669","99579"
"807","952","19992000","1586078672","99580"
"808","952","19992000","1586078674","99582"
"809","952","19992000","1586078677","99581"
"810","952","19992000","1586078679","99581"
"811","952","19992000","1586078682","99583"
"812","952","19992000","1586078684","99581"
"813","952","19992000","1586078687","99581"
"814","952","19992000","1586078690","99579"
"815","952","19992000","1586078693","99581"
"816","952","19992000","1586078696","99584"
"817","952","19992000","1586078698","99583"
"818","952","19992000","1586078700","99577"
"819","952","19992000","1586078703","99586"
"820","952","19992000","1586078706","99583"
"821","952","19992000","1586078709","99582"
"822","952","19992000","1586078712","99577"
"823","950","19950000","1586078716","99377"
"824","952","19992000","1586078719","99578"
"825","952","19992000","1586078722","99581"
"826","952","19992000","1586078725","99577"
"827","952","19992000","1586078728","99581"
"828","952","19992000","1586078731","99583"
"829","952","19992000","1586078734","99580"
"830","952","19992000","1586078737","99577"
"831","952","19992000","1586078742","99582"
"832","952","19992000","1586078744","99583"
"833","952","19992000","1586078748","99582"
"834","952","19992000","1586078751","99580"
"835","952","19992000","1586078756","99582"
"836","952","19992000","1586078759","99577"
"837","952","19992000","1586078763","99584"
"838","952","19992000","1586078768","99578"
"839","952","19992000","1586078772","99581"
"840","952","19992000","1586078775","99583"
"841","952","19992000","1586078778","99580"
"842","952","19992000","1586078783","99581"
"843","952","19992000","1586078788","99582"
"844","952","19992000","1586078792","99580"
"845","952","19992000","1586078798","99570"
"846","952","19992000","1586078802","99582"
"847","952","19992000","1586078808","99579"
"848","952","19992000","1586078812","99582"
"849","952","19992000","1586078817","99575"
"850","952","19992000","1586078823","99582"
"851","952","19992000","1586078829","99578"
"852","952","19992000","1586078835","99580"
"853","952","19992000","1586078841","99579"
"854","952","19992000","1586078846","99577"
"855","952","19992000","1586078852","99579"
"856","952","19992000","1586078859","99585"
"857","952","19992000","1586078864","99583"
"858","952","19992000","1586078871","99586"
"859","952","19992000","1586078878","99578"
"860","952","19992000","1586078885","99579"
"861","952","19992000","1586078891","99580"
"862","952","19992000","1586078896","99583"
"863","952","19992000","1586078900","99579"
"864","952","19992000","1586078907","99580"
"865","952","19992000","1586078914","99575"
"866","952","19992000","1586078918","99582"
"867","952","19992000","1586078922","99582"
"868","952","19992000","1586078926","99577"
"869","952","19992000","1586078929","99581"
"870","952","19992000","1586078934","99583"
"871","952","19992000","1586078938","99574"
"872","952","19992000","1586078944","99585"
"873","952","19992000","1586078947","99576"
"874","952","19992000","1586078952","99579"
"875","952","19992000","1586078956","99583"
"876","952","19992000","1586078959","99573"
"877","952","19992000","1586078964","99586"
"878","952","19992000","1586078969","99577"
"879","952","19992000","1586078972","99584"
"880","952","19992000","1586078976","99583"
"881","952","19992000","1586078979","99580"
"882","952","19992000","1586078982","99581"
"883","952","19992000","1586078984","99583"
"884","952","19992000","1586078987","99582"
"885","418","8778000","1586078988","44049"
"886","952","19992000","1586078991","99583"
"887","952","19992000","1586078994","99580"
"888","952","19992000","1586078995","99577"
"889","195","4095000","1586078997","20861"
"890","952","19992000","1586079000","99582"
"891","952","19992000","1586079003","99581"
"892","952","19992000","1586079006","99585"
"893","81","1701000","1586079008","9005"
"894","0","0","1586079009","576"
"895","0","0","1586079010","576"
"896","81","1701000","1586079011","9003"
"897","952","19992000","1586079012","99582"
"898","952","19992000","1586079014","99581"
"899","565","11865000","1586079016","59336"
"900","952","19992000","1586079019","99578"
"901","306","6426000","1586079021","32401"
"902","880","18480000","1586079023","92087"
"903","952","19992000","1586079026","99583"
"904","952","19992000","1586079028","99582"
"905","326","6846000","1586079030","34481"
"906","395","8295000","1586079031","41655"
"907","4","84000","1586080770","997"
"908","82","1722000","1586080771","9108"
"909","175","3675000","1586080772","18780"
"910","203","4263000","1586080773","21693"
"911","364","7644000","1586080774","38433"
"912","208","4368000","1586080775","22209"
"913","366","7686000","1586080776","38638"
"914","401","8421000","1586080777","42280"
"915","301","6321000","1586080778","31885"
"916","442","9282000","1586080779","46540"
"917","436","9156000","1586080780","45923"
"918","462","9702000","1586080781","48624"
"919","270","5670000","1586080782","28661"
"920","389","8169000","1586080783","41029"
"921","646","13566000","1586080784","67761"
"922","448","9408000","1586080785","47167"
"923","453","9513000","1586080786","47687"
"924","281","5901000","1586080788","29805"
"925","915","19215000","1586080789","95732"
"926","533","11193000","1586080790","56006"
"927","262","5502000","1586080792","27825"
"928","752","15792000","1586080793","78787"
"929","597","12537000","1586080794","62662"
"930","411","8631000","1586080796","43321"
"931","464","9744000","1586080797","48835"
"932","430","9030000","1586080798","45294"
"933","653","13713000","1586080800","68491"
"934","495","10395000","1586080802","52056"
"935","703","14763000","1586080804","73686"
"936","708","14868000","1586080806","74205"
"937","679","14259000","1586080808","71191"
"938","414","8694000","1586080809","43628"
"939","455","9555000","1586080811","47897"
"940","583","12243000","1586080812","61209"
"941","430","9030000","1586080814","45296"
"942","952","19992000","1586080815","99579"
"943","952","19992000","1586080817","99576"
"944","682","14322000","1586080820","71497"
"945","584","12264000","1586080822","61312"
"946","952","19992000","1586080824","99580"
"947","875","18375000","1586080826","91573"
"948","507","10647000","1586080828","53301"
"949","627","13167000","1586080829","65783"
"950","222","4662000","1586080831","23663"
"951","802","16842000","1586080832","83984"
"952","952","19992000","1586080834","99581"
"953","929","19509000","1586080836","97188"
"954","298","6258000","1586080837","31571"
"955","759","15939000","1586080839","79508"
"956","801","16821000","1586080841","83882"
"957","624","13104000","1586080843","65465"
"958","498","10458000","1586080844","52367"
"959","664","13944000","1586080846","69633"
"960","434","9114000","1586080848","45713"
"961","291","6111000","1586080849","30840"
"962","629","13209000","1586080850","65988"
"963","952","19992000","1586080851","99583"
"964","452","9492000","1586080853","47579"
"965","817","17157000","1586080854","85538"
"966","563","11823000","1586080856","59127"
"967","281","5901000","1586080857","29802"
"968","952","19992000","1586080859","99581"
"969","578","12138000","1586080860","60684"
"970","449","9429000","1586080862","47273"
"971","952","19992000","1586080864","99579"
"972","579","12159000","1586080866","60792"
"973","604","12684000","1586080867","63389"
"974","642","13482000","1586080869","67347"
"975","895","18795000","1586080871","93656"
"976","320","6720000","1586080872","33854"
"977","824","17304000","1586080874","86267"
"978","883","18543000","1586080875","92402"
"979","295","6195000","1586080877","31255"
"980","572","12012000","1586080878","60059"
"981","667","14007000","1586080879","69945"
"982","402","8442000","1586080881","42384"
"983","339","7119000","1586080882","35834"
"984","403","8463000","1586080883","42490"
"985","476","9996000","1586080884","50080"
"986","450","9450000","1586080886","47374"
"987","326","6846000","1586080887","34480"
"988","794","16674000","1586080888","83145"
"989","693","14553000","1586080889","72647"
"990","358","7518000","1586080890","37810"
"991","445","9345000","1586080892","46857"
"992","653","13713000","1586080893","68486"
"993","291","6111000","1586080894","30843"
"994","464","9744000","1586080895","48830"
"995","537","11277000","1586080897","56423"
"996","473","9933000","1586080898","49766"
"997","780","16380000","1586080900","81689"
"998","605","12705000","1586080901","63493"
"999","225","4725000","1586080903","23974"
"1000","719","15099000","1586080904","75348"
"1001","392","8232000","1586080906","41347"
"1002","303","6363000","1586080907","32092"
"1003","678","14238000","1586080909","71082"
"1004","800","16800000","1586080910","83772"
"1005","134","2814000","1586080911","14516"
"1006","952","19992000","1586080913","99583"
"1007","554","11634000","1586080914","58190"
"1008","616","12936000","1586080916","64635"
"1009","766","16086000","1586080917","80238"
"1010","340","7140000","1586080919","35937"
"1011","422","8862000","1586080920","44465"
"1012","710","14910000","1586080922","74413"
"1013","424","8904000","1586080923","44675"
"1014","743","15603000","1586080924","77847"
"1015","773","16233000","1586080926","80967"
"1016","239","5019000","1586080928","25432"
"1017","699","14679000","1586080929","73269"
"1018","779","16359000","1586080931","81587"
"1019","485","10185000","1586080932","51014"
"1020","250","5250000","1586080934","26579"
"1021","783","16443000","1586080935","82008"
"1022","548","11508000","1586080936","57567"
"1023","174","3654000","1586080938","18676"
"1024","647","13587000","1586080939","67865"
"1025","835","17535000","1586080940","87416"
"1026","382","8022000","1586080942","40304"
"1027","352","7392000","1586080943","37186"
"1028","775","16275000","1586080944","81173"
"1029","369","7749000","1586080945","38955"
"1030","302","6342000","1586080947","31985"
"1031","780","16380000","1586080948","81695"
"1032","392","8232000","1586080949","41346"
"1033","399","8379000","1586080951","42073"
"1034","485","10185000","1586080952","51020"
"1035","568","11928000","1586080953","59649"
"1036","499","10479000","1586080954","52472"
"1037","313","6573000","1586080955","33131"
"1038","857","17997000","1586080957","89697"
"1039","445","9345000","1586080958","46859"
"1040","323","6783000","1586080959","34166"
"1041","543","11403000","1586080961","57047"
"1042","461","9681000","1586080962","48522"
"1043","371","7791000","1586080963","39161"
"1044","570","11970000","1586080964","59855"
"1045","505","10605000","1586080966","53096"
"1046","733","15393000","1586080967","76804"
"1047","435","9135000","1586080969","45816"
"1048","203","4263000","1586080970","21693"
"1049","742","15582000","1586080971","77740"
"1050","493","10353000","1586080973","51847"
"1051","740","15540000","1586080974","77533"
"1052","516","10836000","1586080975","54240"
"1053","257","5397000","1586080977","27306"
"1054","763","16023000","1586080978","79923"
"1055","525","11025000","1586080980","55175"
"1056","189","3969000","1586080981","20233"
"1057","718","15078000","1586080982","75244"
"1058","616","12936000","1586080984","64636"
"1059","206","4326000","1586080985","22003"
"1060","834","17514000","1586080986","87310"
"1061","263","5523000","1586080988","27930"
"1062","682","14322000","1586080989","71501"
"1063","655","13755000","1586080990","68692"
"1064","393","8253000","1586080992","41450"
"1065","706","14826000","1586080993","74000"
"1066","479","10059000","1586080995","50396"
"1067","678","14238000","1586080996","71088"
"1068","388","8148000","1586080998","40928"
"1069","381","8001000","1586080999","40198"
"1070","565","11865000","1586081000","59337"
"1071","314","6594000","1586081002","33235"
"1072","654","13734000","1586081003","68593"
"1073","386","8106000","1586081004","40720"
"1074","789","16569000","1586081005","82628"
"1075","774","16254000","1586081007","81074"
"1076","487","10227000","1586081009","51225"
"1077","362","7602000","1586081010","38226"
"1078","801","16821000","1586081012","83879"
"1079","674","14154000","1586081014","70674"
"1080","548","11508000","1586081016","57569"
"1081","631","13251000","1586081017","66197"
"1082","425","8925000","1586081019","44775"
"1083","952","19992000","1586081020","99579"
"1084","567","11907000","1586081022","59539"
"1085","255","5355000","1586081023","27099"
"1086","865","18165000","1586081025","90535"
"1087","952","19992000","1586081027","99582"
"1088","542","11382000","1586081028","56940"
"1089","629","13209000","1586081030","65989"
"1090","619","12999000","1586081031","64952"
"1091","510","10710000","1586081033","53615"
"1092","585","12285000","1586081034","61411"
"1093","594","12474000","1586081036","62348"
"1094","338","7098000","1586081037","35728"
"1095","478","10038000","1586081039","50287"
"1096","830","17430000","1586081040","86892"
"1097","444","9324000","1586081042","46753"
"1098","862","18102000","1586081044","90224"
"1099","351","7371000","1586081045","37081"
"1100","915","19215000","1586081047","95736"
"1101","581","12201000","1586081048","60997"
"1102","547","11487000","1586081050","57464"
"1103","534","11214000","1586081052","56109"
"1104","669","14049000","1586081053","70151"
"1105","666","13986000","1586081055","69835"
"1106","896","18816000","1586081057","93756"
"1107","403","8463000","1586081058","42490"
"1108","257","5397000","1586081059","27306"
"1109","622","13062000","1586081061","65262"
"1110","419","8799000","1586081062","44149"
"1111","578","12138000","1586081064","60682"
"1112","466","9786000","1586081065","49037"
"1113","913","19173000","1586081067","95524"
"1114","202","4242000","1586081068","21589"
"1115","582","12222000","1586081070","61098"
"1116","952","19992000","1586081071","99582"
"1117","159","3339000","1586081072","17115"
"1118","148","3108000","1586081073","15972"
"1119","1","21000","1592070271","681"
"1120","1","21000","1592070279","681"
"1121","1","21000","1592070312","681"
"1122","1","21000","1592070319","681"
"1123","1","21000","1592070321","681"
"1124","1","21000","1592070324","681"
"1125","0","0","1592070325","576"
"1126","1","21000","1592070327","681"
"1127","1","21000","1592070336","681"
"1128","1","21000","1592070339","681"
"1129","1","21000","1592070343","681"
"1130","1","21000","1592070348","681"
"1131","1","21000","1592070349","681"
"1132","0","0","1592070350","576"
"1133","1","21000","1592070358","681"
"1134","1","21000","1592070362","681"
"1135","0","0","1592070363","576"
"1136","1","21000","1592070367","681"
"1137","1","21000","1592070376","681"
"1138","1","21000","1592070383","681"
"1139","0","0","1592070384","576"
"1140","1","21000","1592070390","681"
"1141","0","0","1592070391","576"
"1142","1","21000","1592070392","681"
"1143","1","21000","1592070402","681"
"1144","1","21000","1592070405","681"
"1145","1","21000","1592070412","681"
"1146","1","21000","1592070417","681"
"1147","1","21000","1592070423","681"
"1148","1","21000","1592070429","681"
"1149","1","21000","1592070430","682"
"1150","1","21000","1592070431","682"
"1151","0","0","1592070432","576"
"1152","1","21000","1592070439","682"
"1153","1","21000","1592070447","682"
"1154","1","21000","1592070454","682"
"1155","1","21000","1592070457","682"
"1156","0","0","1592070458","576"
"1157","1","21000","1592070462","682"
"1158","1","21000","1592070467","682"
"1159","1","21000","1592070468","682"
"1160","1","21000","1592070474","682"
"1161","1","21000","1592070479","682"
"1162","1","21000","1592070485","682"
"1163","1","21000","1592070495","682"
"1164","1","21000","1592070503","682"
"1165","1","21000","1592070510","682"
"1166","1","21000","1592070519","682"
"1167","1","21000","1592070525","682"
"1168","1","21000","1592070530","682"
"1169","1","21000","1592070533","682"
"1170","1","21000","1592070538","682"
"1171","1","21000","1592070546","682"
"1172","1","21000","1592070554","682"
"1173","1","21000","1592070556","682"
"1174","1","21000","1592070560","682"
"1175","1","21000","1592070568","682"
"1176","1","21000","1592070571","682"
"1177","1","21000","1592070574","682"
"1178","0","0","1592070575","576"
"1179","1","21000","1592070582","682"
"1180","1","21000","1592070590","682"
"1181","1","21000","1592070595","682"
"1182","1","21000","1592070600","682"
"1183","1","21000","1592070605","682"
"1184","1","21000","1592070716","683"
"1185","2","42000","1592070717","787"
"1186","17","357000","1592070718","2349"
"1187","4","84000","1592070719","997"
"1188","16","336000","1592070720","2245"
"1189","4","84000","1592070721","997"
"1190","16","336000","1592070722","2244"
"1191","5","105000","1592070723","1101"
"1192","16","336000","1592070724","2245"
"1193","4","84000","1592070725","996"
"1194","17","357000","1592070726","2349"
"1195","3","63000","1592070727","892"
"1196","17","357000","1592070728","2348"
"1197","3","63000","1592070729","892"
"1198","18","378000","1592070730","2453"
"1199","2","42000","1592070731","787"
"1200","18","378000","1592070732","2452"
"1201","3","63000","1592070733","892"
"1202","17","357000","1592070734","2349"
"1203","3","63000","1592070735","892"
"1204","17","357000","1592070736","2349"
"1205","3","63000","1592070737","892"
"1206","17","357000","1592070738","2349"
"1207","2","42000","1592070739","787"
"1208","18","378000","1592070740","2453"
"1209","10","210000","1592070741","1621"
"1210","2","42000","1592070742","787"
"1211","19","399000","1592070743","2556"
"1212","3","63000","1592070744","892"
"1213","17","357000","1592070745","2349"
"1214","2","42000","1592070746","787"
"1215","18","378000","1592070747","2453"
"1216","3","63000","1592070748","892"
"1217","16","336000","1592070749","2245"
"1218","4","84000","1592070750","997"
"1219","17","357000","1592070751","2348"
"1220","4","84000","1592070752","997"
"1221","17","357000","1592070753","2348"
"1222","3","63000","1592070754","892"
"1223","16","336000","1592070755","2245"
"1224","5","105000","1592070756","1100"
"1225","16","336000","1592070757","2245"
"1226","3","63000","1592070758","892"
"1227","18","378000","1592070759","2452"
"1228","3","63000","1592070760","892"
"1229","18","378000","1592070761","2452"
"1230","5","105000","1592070762","1101"
"1231","15","315000","1592070763","2141"
"1232","4","84000","1592070764","997"
"1233","17","357000","1592070765","2348"
"1234","2","42000","1592070766","787"
"1235","19","399000","1592070767","2557"
"1236","2","42000","1592070768","787"
"1237","17","357000","1592070769","2348"
"1238","3","63000","1592070770","892"
"1239","17","357000","1592070771","2348"
"1240","3","63000","1592070772","892"
"1241","17","357000","1592070773","2348"
"1242","3","63000","1592070774","891"
"1243","17","357000","1592070775","2348"
"1244","3","63000","1592070776","892"
"1245","18","378000","1592070777","2452"
"1246","3","63000","1592070778","891"
"1247","17","357000","1592070779","2349"
"1248","4","84000","1592070780","997"
"1249","16","336000","1592070781","2244"
"1250","5","105000","1592070782","1101"
"1251","5","105000","1592070783","1101"
"1252","21","441000","1592070784","2764"
"1253","4","84000","1592070785","997"
"1254","16","336000","1592070786","2245"
"1255","4","84000","1592070787","996"
"1256","18","378000","1592070788","2452"
"1257","3","63000","1592070789","892"
"1258","17","357000","1592070790","2349"
"1259","3","63000","1592070791","892"
"1260","17","357000","1592070792","2349"
"1261","3","63000","1592070793","892"
"1262","17","357000","1592070794","2348"
"1263","10","210000","1592070795","1621"
"1264","10","210000","1592070796","1621"
"1265","2","42000","1592070797","787"
"1266","19","399000","1592070798","2556"
"1267","2","42000","1592070799","787"
"1268","18","378000","1592070800","2452"
"1269","4","84000","1592070801","997"
"1270","16","336000","1592070802","2245"
"1271","4","84000","1592070803","997"
"1272","16","336000","1592070804","2245"
"1273","3","63000","1592070805","892"
"1274","18","378000","1592070806","2452"
"1275","3","63000","1592070807","892"
"1276","17","357000","1592070808","2349"
"1277","3","63000","1592070809","892"
"1278","17","357000","1592070810","2349"
"1279","3","63000","1592070811","892"
"1280","18","378000","1592070812","2451"
"1281","3","63000","1592070813","892"
"1282","17","357000","1592070814","2349"
"1283","4","84000","1592070815","996"
"1284","16","336000","1592070816","2245"
"1285","3","63000","1592070817","892"
"1286","17","357000","1592070818","2349"
"1287","4","84000","1592070819","997"
"1288","17","357000","1592070820","2349"
"1289","4","84000","1592070821","997"
"1290","16","336000","1592070822","2244"
"1291","3","63000","1592070823","892"
"1292","17","357000","1592070824","2349"
"1293","3","63000","1592070825","892"
"1294","19","399000","1592070826","2556"
"1295","9","189000","1592070827","1517"
"1296","3","63000","1592070828","892"
"1297","17","357000","1592070829","2349"
"1298","3","63000","1592070830","892"
"1299","17","357000","1592070831","2349"
"1300","3","63000","1592070832","892"
"1301","18","378000","1592070833","2452"
"1302","3","63000","1592070834","892"
"1303","18","378000","1592070835","2452"
"1304","3","63000","1592070836","892"
"1305","17","357000","1592070837","2348"
"1306","4","84000","1592070838","997"
"1307","16","336000","1592070839","2245"
"1308","3","63000","1592070840","890"
"1309","17","357000","1592070841","2349"
"1310","3","63000","1592070842","892"
"1311","18","378000","1592070843","2452"
"1312","3","63000","1592070844","892"
"1313","18","378000","1592070845","2452"
"1314","9","189000","1592070846","1517"
"1315","3","63000","1592070847","892"
"1316","18","378000","1592070848","2453"
"1317","9","189000","1592070849","1517"
"1318","3","63000","1592070850","892"
"1319","19","399000","1592070851","2556"
"1320","3","63000","1592070852","892"
"1321","17","357000","1592070853","2349"
"1322","3","63000","1592070854","892"
"1323","17","357000","1592070855","2349"
"1324","3","63000","1592070856","892"
"1325","18","378000","1592070857","2452"
"1326","3","63000","1592070858","892"
"1327","16","336000","1592070859","2245"
"1328","4","84000","1592070860","997"
"1329","17","357000","1592070861","2348"
"1330","4","84000","1592070862","997"
"1331","18","378000","1592070863","2452"
"1332","4","84000","1592070864","997"
"1333","16","336000","1592070865","2245"
"1334","3","63000","1592070866","891"
"1335","18","378000","1592070867","2453"
"1336","3","63000","1592070868","892"
"1337","16","336000","1592070869","2244"
"1338","3","63000","1592070870","892"
"1339","19","399000","1592070871","2556"
"1340","3","63000","1592070872","892"
"1341","17","357000","1592070873","2349"
"1342","2","42000","1592070874","787"
"1343","18","378000","1592070875","2452"
"1344","4","84000","1592070876","997"
"1345","16","336000","1592070877","2244"
"1346","3","63000","1592070878","892"
"1347","17","357000","1592070879","2349"
"1348","3","63000","1592070880","892"
"1349","17","357000","1592070881","2348"
"1350","3","63000","1592070882","891"
"1351","18","378000","1592070883","2452"
"1352","3","63000","1592070884","892"
"1353","17","357000","1592070885","2348"
"1354","4","84000","1592070886","997"
"1355","17","357000","1592070887","2348"
"1356","4","84000","1592070888","997"
"1357","17","357000","1592070889","2348"
"1358","2","42000","1592070890","787"
"1359","18","378000","1592070891","2452"
"1360","3","63000","1592070892","892"
"1361","17","357000","1592070893","2349"
"1362","3","63000","1592070894","892"
"1363","17","357000","1592070895","2348"
"1364","4","84000","1592070896","997"
"1365","17","357000","1592070897","2349"
"1366","2","42000","1592070898","787"
"1367","18","378000","1592070899","2452"
"1368","4","84000","1592070900","997"
"1369","18","378000","1592070901","2452"
"1370","4","84000","1592070902","997"
"1371","1","21000","1592070903","683"
"1372","24","504000","1592070904","3077"
"1373","3","63000","1592070905","892"
"1374","18","378000","1592070906","2453"
"1375","3","63000","1592070907","892"
"1376","16","336000","1592070908","2245"
"1377","3","63000","1592070909","892"
"1378","18","378000","1592070910","2452"
"1379","4","84000","1592070911","997"
"1380","16","336000","1592070912","2244"
"1381","3","63000","1592070913","892"
"1382","18","378000","1592070914","2453"
"1383","2","42000","1592070915","787"
"1384","17","357000","1592070916","2349"
"1385","3","63000","1592070917","892"
"1386","18","378000","1592070918","2450"
"1387","3","63000","1592070919","892"
"1388","17","357000","1592070920","2348"
"1389","3","63000","1592070921","892"
"1390","17","357000","1592070922","2348"
"1391","4","84000","1592070923","997"
"1392","17","357000","1592070924","2349"
"1393","2","42000","1592070925","787"
"1394","19","399000","1592070926","2555"
"1395","2","42000","1592070927","787"
"1396","18","378000","1592070928","2452"
"1397","3","63000","1592070929","892"
"1398","16","336000","1592070930","2245"
"1399","4","84000","1592070931","997"
"1400","16","336000","1592070932","2243"
"1401","3","63000","1592070933","892"
"1402","17","357000","1592070934","2349"
"1403","3","63000","1592070935","892"
"1404","18","378000","1592070936","2452"
"1405","3","63000","1592070937","892"
"1406","17","357000","1592070938","2349"
"1407","3","63000","1592070939","892"
"1408","17","357000","1592070940","2349"
"1409","4","84000","1592070941","997"
"1410","16","336000","1592070942","2245"
"1411","3","63000","1592070943","892"
"1412","17","357000","1592070944","2349"
"1413","3","63000","1592070945","891"
"1414","18","378000","1592070946","2453"
"1415","2","42000","1592070947","787"
"1416","18","378000","1592070948","2453"
"1417","9","189000","1592070949","1517"
"1418","3","63000","1592070950","892"
"1419","18","378000","1592070951","2453"
"1420","3","63000","1592070952","892"
"1421","17","357000","1592070953","2348"
"1422","4","84000","1592070954","997"
"1423","16","336000","1592070955","2244"
"1424","10","210000","1592070956","1621"
"1425","3","63000","1592070957","892"
"1426","17","357000","1592070958","2349"
"1427","3","63000","1592070959","892"
"1428","18","378000","1592070960","2453"
"1429","2","42000","1592070961","786"
"1430","18","378000","1592070962","2452"
"1431","4","84000","1592070963","997"
"1432","16","336000","1592070964","2245"
"1433","3","63000","1592070965","892"
"1434","17","357000","1592070966","2349"
"1435","3","63000","1592070967","891"
"1436","17","357000","1592070968","2349"
"1437","3","63000","1592070969","892"
"1438","18","378000","1592070970","2452"
"1439","2","42000","1592070971","787"
"1440","17","357000","1592070972","2349"
"1441","4","84000","1592070973","997"
"1442","16","336000","1592070974","2245"
"1443","4","84000","1592070975","997"
"1444","17","357000","1592070976","2349"
"1445","3","63000","1592070977","892"
"1446","17","357000","1592070978","2347"
"1447","3","63000","1592070979","892"
"1448","17","357000","1592070980","2349"
"1449","3","63000","1592070981","891"
"1450","16","336000","1592070982","2245"
"1451","4","84000","1592070983","997"
"1452","17","357000","1592070984","2349"
"1453","4","84000","1592070985","996"
"1454","18","378000","1592070986","2452"
"1455","3","63000","1592070987","892"
"1456","17","357000","1592070988","2349"
"1457","3","63000","1592070989","892"
"1458","16","336000","1592070990","2245"
"1459","4","84000","1592070991","997"
"1460","16","336000","1592070992","2245"
"1461","4","84000","1592070993","997"
"1462","18","378000","1592070994","2452"
"1463","3","63000","1592070995","892"
"1464","16","336000","1592070996","2245"
"1465","2","42000","1592070997","787"
"1466","18","378000","1592070998","2453"
"1467","3","63000","1592070999","892"
"1468","17","357000","1592071000","2349"
"1469","3","63000","1592071001","892"
"1470","18","378000","1592071002","2451"
"1471","3","63000","1592071003","892"
"1472","17","357000","1592071004","2349"
"1473","3","63000","1592071005","891"
"1474","17","357000","1592071006","2349"
"1475","3","63000","1592071007","891"
"1476","17","357000","1592071008","2349"
"1477","3","63000","1592071009","891"
"1478","17","357000","1592071010","2348"
"1479","4","84000","1592071011","997"
"1480","16","336000","1592071012","2245"
"1481","3","63000","1592071013","892"
"1482","17","357000","1592071014","2348"
"1483","4","84000","1592071015","997"
"1484","16","336000","1592071016","2244"
"1485","0","0","1592071017","576"
"1486","2","42000","1592071119","787"
"1487","16","336000","1592071120","2244"
"1488","21","441000","1592071121","2765"
"1489","121","2541000","1592071122","13164"
"1490","19","399000","1592071123","2556"
"1491","104","2184000","1592071124","11397"
"1492","20","420000","1592071125","2661"
"1493","102","2142000","1592071126","11185"
"1494","17","357000","1592071127","2349"
"1495","106","2226000","1592071128","11604"
"1496","17","357000","1592071129","2349"
"1497","105","2205000","1592071130","11500"
"1498","17","357000","1592071131","2349"
"1499","107","2247000","1592071132","11707"
"1500","12","252000","1592071133","1829"
"1501","111","2331000","1592071134","12124"
"1502","20","420000","1592071135","2660"
"1503","103","2163000","1592071136","11291"
"1504","16","336000","1592071137","2245"
"1505","107","2247000","1592071138","11709"
"1506","21","441000","1592071139","2765"
"1507","103","2163000","1592071140","11293"
"1508","19","399000","1592071141","2557"
"1509","105","2205000","1592071142","11501"
"1510","19","399000","1592071143","2557"
"1511","105","2205000","1592071144","11500"
"1512","20","420000","1592071145","2661"
"1513","104","2184000","1592071146","11396"
"1514","15","315000","1592071147","2141"
"1515","108","2268000","1592071148","11812"
"1516","19","399000","1592071149","2556"
"1517","104","2184000","1592071150","11396"
"1518","20","420000","1592071151","2660"
"1519","104","2184000","1592071152","11396"
"1520","14","294000","1592071153","2036"
"1521","109","2289000","1592071154","11914"
"1522","20","420000","1592071155","2661"
"1523","104","2184000","1592071156","11395"
"1524","20","420000","1592071157","2661"
"1525","104","2184000","1592071158","11396"
"1526","14","294000","1592071159","2037"
"1527","108","2268000","1592071160","11812"
"1528","19","399000","1592071161","2556"
"1529","104","2184000","1592071162","11396"
"1530","19","399000","1592071163","2557"
"1531","106","2226000","1592071164","11604"
"1532","22","462000","1592071165","2869"
"1533","100","2100000","1592071166","10981"
"1534","16","336000","1592071167","2245"
"1535","108","2268000","1592071168","11813"
"1536","16","336000","1592071169","2245"
"1537","106","2226000","1592071170","11603"
"1538","18","378000","1592071171","2453"
"1539","106","2226000","1592071172","11604"
"1540","19","399000","1592071173","2557"
"1541","104","2184000","1592071174","11394"
"1542","19","399000","1592071175","2556"
"1543","105","2205000","1592071176","11497"
"1544","17","357000","1592071177","2349"
"1545","107","2247000","1592071178","11709"
"1546","19","399000","1592071179","2557"
"1547","104","2184000","1592071180","11396"
"1548","18","378000","1592071181","2453"
"1549","105","2205000","1592071182","11500"
"1550","21","441000","1592071183","2764"
"1551","101","2121000","1592071184","11084"
"1552","19","399000","1592071185","2556"
"1553","105","2205000","1592071186","11499"
"1554","15","315000","1592071187","2141"
"1555","109","2289000","1592071188","11916"
"1556","15","315000","1592071189","2141"
"1557","107","2247000","1592071190","11709"
"1558","24","504000","1592071191","3077"
"1559","101","2121000","1592071192","11084"
"1560","20","420000","1592071193","2661"
"1561","104","2184000","1592071194","11397"
"1562","19","399000","1592071195","2557"
"1563","105","2205000","1592071196","11500"
"1564","18","378000","1592071197","2452"
"1565","107","2247000","1592071198","11707"
"1566","18","378000","1592071199","2453"
"1567","105","2205000","1592071200","11500"
"1568","20","420000","1592071201","2661"
"1569","103","2163000","1592071202","11292"
"1570","29","609000","1592071203","3597"
"1571","37","777000","1592071204","4427"
"1572","121","2541000","1592071205","13165"
"1573","21","441000","1592071206","2765"
"1574","101","2121000","1592071207","11083"
"1575","17","357000","1592071208","2349"
"1576","106","2226000","1592071209","11604"
"1577","19","399000","1592071210","2556"
"1578","105","2205000","1592071211","11499"
"1579","25","525000","1592071212","3181"
"1580","97","2037000","1592071213","10668"
"1581","15","315000","1592071214","2141"
"1582","109","2289000","1592071215","11916"
"1583","14","294000","1592071216","2037"
"1584","107","2247000","1592071217","11706"
"1585","17","357000","1592071218","2349"
"1586","109","2289000","1592071219","11916"
"1587","17","357000","1592071220","2349"
"1588","106","2226000","1592071221","11604"
"1589","18","378000","1592071222","2453"
"1590","105","2205000","1592071223","11500"
"1591","20","420000","1592071224","2661"
"1592","103","2163000","1592071225","11291"
"1593","16","336000","1592071226","2245"
"1594","108","2268000","1592071227","11812"
"1595","18","378000","1592071228","2453"
"1596","106","2226000","1592071229","11603"
"1597","19","399000","1592071230","2557"
"1598","104","2184000","1592071231","11395"
"1599","16","336000","1592071232","2245"
"1600","108","2268000","1592071233","11811"
"1601","12","252000","1592071234","1828"
"1602","111","2331000","1592071235","12125"
"1603","19","399000","1592071236","2557"
"1604","104","2184000","1592071237","11395"
"1605","21","441000","1592071238","2765"
"1606","103","2163000","1592071239","11293"
"1607","22","462000","1592071240","2869"
"1608","102","2142000","1592071241","11185"
"1609","15","315000","1592071242","2140"
"1610","109","2289000","1592071243","11913"
"1611","11","231000","1592071244","1725"
"1612","113","2373000","1592071245","12333"
"1613","16","336000","1592071246","2245"
"1614","107","2247000","1592071247","11706"
"1615","24","504000","1592071248","3077"
"1616","99","2079000","1592071249","10875"
"1617","18","378000","1592071250","2453"
"1618","105","2205000","1592071251","11498"
"1619","19","399000","1592071252","2557"
"1620","105","2205000","1592071253","11500"
"1621","16","336000","1592071254","2245"
"1622","108","2268000","1592071255","11812"
"1623","15","315000","1592071256","2140"
"1624","92","1932000","1592071257","10148"
"1625","34","714000","1592071258","4117"
"1626","107","2247000","1592071259","11708"
"1627","11","231000","1592071260","1725"
"1628","112","2352000","1592071261","12226"
"1629","23","483000","1592071262","2973"
"1630","36","756000","1592071263","4325"
"1631","126","2646000","1592071264","13685"
"1632","17","357000","1592071265","2349"
"1633","107","2247000","1592071266","11708"
"1634","20","420000","1592071267","2661"
"1635","104","2184000","1592071268","11396"
"1636","17","357000","1592071269","2349"
"1637","106","2226000","1592071270","11603"
"1638","18","378000","1592071271","2453"
"1639","105","2205000","1592071272","11500"
"1640","15","315000","1592071273","2141"
"1641","109","2289000","1592071274","11914"
"1642","14","294000","1592071275","2037"
"1643","111","2331000","1592071276","12124"
"1644","14","294000","1592071277","2037"
"1645","109","2289000","1592071278","11914"
"1646","15","315000","1592071279","2141"
"1647","108","2268000","1592071280","11812"
"1648","19","399000","1592071281","2557"
"1649","106","2226000","1592071282","11604"
"1650","18","378000","1592071283","2453"
"1651","105","2205000","1592071284","11501"
"1652","17","357000","1592071285","2349"
"1653","107","2247000","1592071286","11705"
"1654","19","399000","1592071287","2557"
"1655","104","2184000","1592071288","11397"
"1656","18","378000","1592071289","2453"
"1657","106","2226000","1592071290","11605"
"1658","12","252000","1592071291","1829"
"1659","111","2331000","1592071292","12124"
"1660","20","420000","1592071293","2661"
"1661","104","2184000","1592071294","11396"
"1662","15","315000","1592071295","2141"
"1663","108","2268000","1592071296","11813"
"1664","16","336000","1592071297","2245"
"1665","109","2289000","1592071298","11916"
"1666","18","378000","1592071299","2453"
"1667","105","2205000","1592071300","11498"
"1668","16","336000","1592071301","2244"
"1669","108","2268000","1592071302","11813"
"1670","26","546000","1592071303","3285"
"1671","97","2037000","1592071304","10668"
"1672","20","420000","1592071305","2661"
"1673","103","2163000","1592071306","11293"
"1674","18","378000","1592071307","2453"
"1675","105","2205000","1592071308","11501"
"1676","16","336000","1592071309","2245"
"1677","108","2268000","1592071310","11811"
"1678","20","420000","1592071311","2661"
"1679","104","2184000","1592071312","11397"
"1680","18","378000","1592071313","2453"
"1681","106","2226000","1592071314","11603"
"1682","16","336000","1592071315","2245"
"1683","108","2268000","1592071316","11812"
"1684","18","378000","1592071317","2453"
"1685","105","2205000","1592071318","11496"
"1686","18","378000","1592071319","2453"
"1687","105","2205000","1592071320","11499"
"1688","13","273000","1592071321","1933"
"1689","110","2310000","1592071322","12019"
"1690","22","462000","1592071323","2869"
"1691","99","2079000","1592071324","10875"
"1692","1","21000","1592071325","683"
"1693","126","2646000","1592071326","13684"
"1694","15","315000","1592071327","2141"
"1695","109","2289000","1592071328","11917"
"1696","19","399000","1592071329","2557"
"1697","104","2184000","1592071330","11397"
"1698","23","483000","1592071331","2973"
"1699","101","2121000","1592071332","11085"
"1700","12","252000","1592071333","1829"
"1701","55","1155000","1592071334","6299"
"1702","117","2457000","1592071335","12748"
"1703","18","378000","1592071336","2453"
"1704","103","2163000","1592071337","11293"
"1705","20","420000","1592071338","2661"
"1706","105","2205000","1592071339","11500"
"1707","19","399000","1592071340","2557"
"1708","105","2205000","1592071341","11499"
"1709","17","357000","1592071342","2349"
"1710","106","2226000","1592071343","11605"
"1711","17","357000","1592071344","2349"
"1712","106","2226000","1592071345","11604"
"1713","15","315000","1592071346","2141"
"1714","109","2289000","1592071347","11915"
"1715","17","357000","1592071348","2349"
"1716","107","2247000","1592071349","11706"
"1717","17","357000","1592071350","2348"
"1718","107","2247000","1592071351","11708"
"1719","15","315000","1592071352","2140"
"1720","107","2247000","1592071353","11706"
"1721","17","357000","1592071354","2348"
"1722","107","2247000","1592071355","11706"
"1723","17","357000","1592071356","2349"
"1724","106","2226000","1592071357","11604"
"1725","33","693000","1592071358","4013"
"1726","90","1890000","1592071359","9939"
"1727","15","315000","1592071360","2141"
"1728","109","2289000","1592071361","11917"
"1729","17","357000","1592071362","2349"
"1730","107","2247000","1592071363","11709"
"1731","15","315000","1592071364","2140"
"1732","109","2289000","1592071365","11916"
"1733","20","420000","1592071366","2661"
"1734","104","2184000","1592071367","11397"
"1735","17","357000","1592071368","2349"
"1736","106","2226000","1592071369","11603"
"1737","19","399000","1592071370","2556"
"1738","105","2205000","1592071371","11498"
"1739","27","567000","1592071372","3389"
"1740","37","777000","1592071373","4429"
"1741","121","2541000","1592071374","13165"
"1742","21","441000","1592071375","2765"
"1743","104","2184000","1592071376","11397"
"1744","19","399000","1592071377","2557"
"1745","104","2184000","1592071378","11397"
"1746","16","336000","1592071379","2245"
"1747","108","2268000","1592071380","11812"
"1748","17","357000","1592071381","2348"
"1749","107","2247000","1592071382","11709"
"1750","18","378000","1592071383","2453"
"1751","106","2226000","1592071384","11604"
"1752","18","378000","1592071385","2453"
"1753","105","2205000","1592071386","11497"
"1754","17","357000","1592071387","2349"
"1755","107","2247000","1592071388","11708"
"1756","19","399000","1592071389","2557"
"1757","105","2205000","1592071390","11500"
"1758","15","315000","1592071391","2141"
"1759","109","2289000","1592071392","11915"
"1760","18","378000","1592071393","2453"
"1761","106","2226000","1592071394","11603"
"1762","16","336000","1592071395","2245"
"1763","107","2247000","1592071396","11709"
"1764","18","378000","1592071397","2453"
"1765","106","2226000","1592071398","11605"
"1766","18","378000","1592071399","2453"
"1767","106","2226000","1592071400","11603"
"1768","18","378000","1592071401","2453"
"1769","107","2247000","1592071402","11704"
"1770","18","378000","1592071403","2453"
"1771","104","2184000","1592071404","11396"
"1772","17","357000","1592071405","2349"
"1773","107","2247000","1592071406","11706"
"1774","19","399000","1592071407","2557"
"1775","105","2205000","1592071408","11498"
"1776","14","294000","1592071409","2037"
"1777","110","2310000","1592071410","12018"
"1778","18","378000","1592071411","2452"
"1779","106","2226000","1592071412","11604"
"1780","15","315000","1592071413","2141"
"1781","108","2268000","1592071414","11811"
"1782","12","252000","1592071415","1829"
"1783","110","2310000","1592071416","12019"
"1784","16","336000","1592071417","2245"
"1785","107","2247000","1592071418","11709"
"1786","19","399000","1592071419","2557"
"1787","61","1281000","1592071420","6924"
